{
  "model_path": null,
  "agent_type": "a2c",
  "num_games": 10,
  "game_steps": [
    409,
    663,
    151,
    328,
    497,
    382,
    350,
    363,
    102,
    115
  ],
  "game_snake_lengths": [
    143,
    115,
    49,
    61,
    78,
    115,
    117,
    144,
    47,
    45
  ],
  "game_rewards": [
    115.87000000000069,
    104.38000000000241,
    16.40000000000001,
    23.590000000000117,
    61.6,
    83.22000000000068,
    84.62000000000003,
    129.12000000000043,
    23.590000000000053,
    28.050000000000022
  ],
  "best_length": 144,
  "best_reward": 129.12000000000043,
  "timestamp": "20251222_114303"
}