{
  "model_path": "models/final_model_ppo_20251222_203506.pt",
  "agent_type": "ppo",
  "num_games": 10,
  "game_steps": [
    326,
    214,
    729,
    494,
    212,
    348,
    1001,
    269,
    76,
    310
  ],
  "game_snake_lengths": [
    91,
    49,
    245,
    143,
    38,
    46,
    224,
    226,
    31,
    44
  ],
  "game_rewards": [
    52.46999999999994,
    26.529999999999998,
    208.2899999999981,
    103.4200000000002,
    22.650000000000222,
    16.490000000000105,
    197.10999999999737,
    1.9499999999999873,
    6.370000000000003,
    17.640000000000292
  ],
  "best_length": 245,
  "best_reward": 208.2899999999981,
  "timestamp": "20251223_082030"
}