{
  "model_path": "models/final_model_reinforce_20251223_073630.pt",
  "agent_type": "reinforce",
  "num_games": 10,
  "game_steps": [
    220,
    101,
    96,
    298,
    83,
    1001,
    1,
    369,
    111,
    641
  ],
  "game_snake_lengths": [
    79,
    32,
    54,
    83,
    35,
    152,
    152,
    42,
    64,
    167
  ],
  "game_rewards": [
    62.539999999999935,
    12.680000000000009,
    21.85000000000005,
    49.40999999999991,
    11.080000000000016,
    141.00999999999945,
    148.53,
    31.110000000000035,
    33.249999999999986,
    132.28000000000083
  ],
  "best_length": 167,
  "best_reward": 148.53,
  "timestamp": "20251223_082715"
}