{
  "model_path": "models/final_model_a2c_20251222_112938.pt",
  "agent_type": "a2c",
  "num_games": 10,
  "game_steps": [
    766,
    32,
    294,
    770,
    736,
    74,
    95,
    351,
    335,
    445
  ],
  "game_snake_lengths": [
    210,
    23,
    121,
    184,
    274,
    29,
    28,
    105,
    161,
    161
  ],
  "game_rewards": [
    182.1099999999994,
    1.8499999999999979,
    99.39999999999998,
    139.98999999999924,
    236.5999999999981,
    10.629999999999995,
    5.7299999999999836,
    64.16,
    137.56000000000037,
    138.45999999999987
  ],
  "best_length": 274,
  "best_reward": 236.5999999999981,
  "timestamp": "20251222_115139"
}