{
  "algorithm": "REINFORCE",
  "episode_rewards": [
    26.71000000000004,
    171.87999999999982,
    56.5199999999999,
    20.839999999999996,
    134.07999999999893,
    1.9199999999999964,
    201.68999999999866,
    15.960000000000027,
    90.32000000000049,
    132.0400000000016,
    233.3399999999994,
    54.08999999999996,
    44.86999999999999,
    19.290000000000028,
    83.16000000000034,
    139.25999999999968,
    -2.700000000000008,
    5.889999999999946,
    59.65,
    2.9299999999999917,
    68.43000000000002,
    34.800000000000026,
    177.57999999999961,
    47.069999999999965,
    2.879999999999992,
    149.9500000000004,
    34.610000000000014,
    53.87999999999982,
    55.08999999999989,
    128.66000000000057,
    287.54999999999654,
    -5.050000000000001,
    15.050000000000018,
    120.73000000000042,
    82.84999999999997,
    32.67000000000004,
    76.40000000000023,
    126.99000000000025,
    50.199999999999896,
    70.23000000000006,
    15.180000000000035,
    7.439999999999991,
    116.23000000000012,
    162.40999999999983,
    15.710000000000015,
    37.09000000000002,
    5.010000000000004,
    43.710000000000015,
    130.99000000000035,
    13.410000000000052
  ],
  "episode_lengths": [
    107,
    602,
    123,
    551,
    559,
    54,
    496,
    45,
    299,
    641,
    589,
    168,
    125,
    128,
    216,
    270,
    99,
    267,
    112,
    82,
    225,
    111,
    642,
    158,
    106,
    412,
    99,
    160,
    104,
    613,
    708,
    106,
    86,
    764,
    273,
    160,
    350,
    291,
    256,
    237,
    45,
    72,
    110,
    354,
    83,
    120,
    82,
    99,
    407,
    114
  ],
  "episode_losses": [
    0.6733264923095703,
    1.0472230911254883,
    -0.650977373123169,
    -1.2927067279815674,
    0.9723868370056152,
    0.20108747482299805,
    1.8343772888183594,
    -0.22558212280273438,
    1.1479277610778809,
    -3.2892961502075195,
    -0.41562652587890625,
    0.4717552661895752,
    -0.25652027130126953,
    0.26537299156188965,
    0.6193740367889404,
    3.0245471000671387,
    -0.5314359664916992,
    -2.286237955093384,
    2.8610262870788574,
    2.0332627296447754,
    1.2786788940429688,
    2.235877513885498,
    -0.3575153350830078,
    0.5324656963348389,
    0.9520890712738037,
    -0.5781774520874023,
    0.4270443916320801,
    -0.8821282386779785,
    -0.028816938400268555,
    1.0401535034179688,
    1.6616525650024414,
    -0.39559292793273926,
    0.6945165395736694,
    -4.290992736816406,
    -0.49599742889404297,
    0.07074475288391113,
    0.022162437438964844,
    2.1613664627075195,
    0.6129860877990723,
    1.141110897064209,
    0.15891647338867188,
    -0.43038368225097656,
    0.2289748191833496,
    1.5692987442016602,
    -0.1521449089050293,
    0.2928776741027832,
    2.060133934020996,
    -0.42456483840942383,
    -0.0794668197631836,
    0.22770190238952637
  ],
  "episode_max_lengths": [
    44,
    206,
    84,
    43,
    159,
    18,
    218,
    36,
    108,
    148,
    270,
    76,
    67,
    36,
    100,
    161,
    16,
    22,
    78,
    21,
    93,
    54,
    211,
    69,
    32,
    168,
    57,
    73,
    80,
    148,
    302,
    19,
    44,
    139,
    97,
    57,
    100,
    153,
    74,
    86,
    33,
    27,
    153,
    182,
    33,
    54,
    29,
    67,
    162,
    27
  ],
  "num_episodes": 50,
  "best_length": 302,
  "best_reward": 287.54999999999654,
  "timestamp": "20251223_073630"
}