{
  "algorithm": "PPO",
  "episode_rewards": [
    32.21000000000003,
    49.619999999999884,
    63.55999999999991,
    30.189999999999998,
    24.070000000000054,
    -0.12000000000000366,
    104.25000000000018,
    117.46000000000058,
    64.22000000000118,
    56.029999999999816,
    1.0699999999999799,
    41.399999999999984,
    30.75999999999999,
    130.15000000000023,
    -6.920000000000002,
    6.759999999999993,
    0.7499999999999938,
    31.390000000000015,
    91.91000000000021,
    73.94000000000017,
    7.22999999999997,
    53.569999999999894,
    -6.110000000000005,
    -0.7800000000000065,
    36.55000000000002,
    31.520000000000014,
    16.730000000000004,
    25.670000000000016,
    31.240000000000045,
    16.64000000000023,
    30.269999999999982,
    12.460000000000022,
    -5.74,
    142.3800000000006,
    11.630000000000038,
    182.40999999999875,
    347.37999999999926,
    184.17999999999685,
    27.4800000000001,
    63.570000000000064,
    20.29000000000002,
    75.52,
    139.36000000000018,
    16.670000000000073,
    25.72000000000024,
    341.8599999999954,
    -0.16000000000000725,
    6.039999999999994,
    204.7099999999991,
    34.07999999999996
  ],
  "episode_lengths": [
    101,
    179,
    224,
    85,
    71,
    22,
    243,
    240,
    653,
    166,
    162,
    188,
    152,
    290,
    43,
    74,
    33,
    112,
    208,
    210,
    198,
    121,
    57,
    34,
    175,
    92,
    65,
    41,
    85,
    231,
    231,
    76,
    31,
    512,
    55,
    416,
    306,
    714,
    106,
    157,
    41,
    159,
    332,
    79,
    229,
    1001,
    59,
    85,
    577,
    126
  ],
  "episode_losses": [
    21.849275588989258,
    9.502832508087158,
    10.30501811504364,
    13.356470251083374,
    20.12799025774002,
    33.43418502807617,
    25.445177388191222,
    21.854725861549376,
    5.615030780368381,
    15.384558836619059,
    9.691343863805136,
    12.0179159005483,
    13.143571790059408,
    20.81789903640747,
    38.36397075653076,
    12.856303954124451,
    16.04386806488037,
    13.908664226531982,
    14.548716294765473,
    14.806283056735992,
    11.06202113032341,
    22.97068543434143,
    32.22924728393555,
    11.448983144760131,
    8.116468985875448,
    6.088378655910492,
    15.710011391993612,
    34.521386528015135,
    8.714919662475586,
    4.098653656244278,
    5.584077155590057,
    9.799364483356475,
    6.0151265382766725,
    7.241700236797333,
    17.92518482208252,
    17.88706038792928,
    284.71219345092777,
    11.64850340048472,
    26.07216911315918,
    17.0818229675293,
    52.06774368286133,
    19.379872798919678,
    18.049732122421265,
    19.2054714679718,
    4.699923437833786,
    8.005943656563758,
    52.579356002807614,
    23.319551134109496,
    10.071277413368225,
    16.557583236694335
  ],
  "episode_max_lengths": [
    60,
    68,
    87,
    59,
    41,
    21,
    137,
    131,
    79,
    77,
    25,
    62,
    49,
    150,
    10,
    32,
    27,
    52,
    118,
    104,
    25,
    71,
    12,
    23,
    70,
    55,
    43,
    51,
    49,
    33,
    56,
    30,
    15,
    186,
    38,
    200,
    382,
    209,
    47,
    90,
    48,
    93,
    154,
    38,
    43,
    357,
    20,
    24,
    229,
    57
  ],
  "num_episodes": 50,
  "best_length": 382,
  "best_reward": 347.37999999999926,
  "timestamp": "20251222_203506",
  "n_steps": 256,
  "batch_size": 64,
  "n_epochs": 10,
  "total_updates": 64
}