{
  "algorithm": "A2C",
  "episode_rewards": [
    5.519999999999992,
    27.22999999999998,
    2.7399999999999904,
    131.8400000000002,
    68.49000000000001,
    148.08999999999975,
    62.06999999999971,
    204.75999999999908,
    90.56000000000003,
    18.880000000000017,
    3.0299999999999994,
    21.510000000000066,
    17.660000000000025,
    74.67000000000006,
    216.5099999999989,
    5.759999999999999,
    50.7999999999999,
    1.0299999999999931,
    71.33999999999992,
    42.41999999999997,
    -5.0,
    45.219999999999864,
    59.359999999999985,
    54.02,
    84.22000000000051,
    80.40000000000035,
    75.71000000000025,
    103.69999999999992,
    35.39000000000003,
    43.77000000000001,
    189.4799999999997,
    58.15999999999991,
    120.39000000000064,
    48.489999999999974,
    86.3300000000005,
    47.98999999999997,
    340.69999999999885,
    1.7099999999999964,
    93.86000000000016,
    10.290000000000003,
    46.30999999999999,
    79.44,
    136.7700000000005,
    6.83,
    -5.940000000000002,
    3.3399999999999572,
    45.55999999999993,
    53.36999999999997,
    124.00000000000041,
    275.10999999999694
  ],
  "episode_lengths": [
    56,
    59,
    60,
    437,
    200,
    571,
    442,
    283,
    123,
    50,
    54,
    82,
    28,
    210,
    481,
    82,
    121,
    62,
    260,
    70,
    43,
    174,
    121,
    174,
    228,
    413,
    231,
    231,
    102,
    105,
    355,
    180,
    191,
    126,
    304,
    153,
    555,
    44,
    309,
    98,
    369,
    215,
    429,
    53,
    40,
    218,
    117,
    128,
    275,
    630
  ],
  "episode_losses": [
    3.85552716255188,
    41.34671401977539,
    3.662968397140503,
    14.186549016407557,
    17.201173901557922,
    10.66772237751219,
    6.4211568513086865,
    82.15066356658936,
    79.49493408203125,
    20.685409545898438,
    6.492867946624756,
    14.94136905670166,
    14.98786449432373,
    18.566003799438477,
    24.460933804512024,
    7.916715145111084,
    30.590081214904785,
    6.442431449890137,
    10.825644969940186,
    43.55512714385986,
    5.802618980407715,
    13.103628476460775,
    31.656715393066406,
    19.993130048116047,
    18.635023593902588,
    8.532737987382072,
    18.65244389884174,
    25.803777247667313,
    15.590482711791992,
    14.498538494110107,
    29.90043067932129,
    13.019481658935547,
    57.25245443979899,
    20.891798973083496,
    9.853523182868958,
    15.234902381896973,
    55.04734860526191,
    16.095552444458008,
    16.29010671377182,
    15.574164152145386,
    4.856947063157956,
    22.793256044387817,
    12.031182059219905,
    36.38710403442383,
    39.1524543762207,
    12.015052303671837,
    21.77186393737793,
    22.639684677124023,
    18.42798571586609,
    43.078823047876355
  ],
  "episode_max_lengths": [
    26,
    54,
    19,
    147,
    94,
    158,
    80,
    223,
    113,
    43,
    24,
    44,
    43,
    97,
    240,
    29,
    74,
    31,
    94,
    72,
    12,
    68,
    80,
    73,
    109,
    102,
    95,
    124,
    52,
    67,
    218,
    76,
    138,
    73,
    109,
    71,
    365,
    37,
    117,
    26,
    62,
    104,
    158,
    35,
    26,
    16,
    64,
    84,
    145,
    281
  ],
  "num_episodes": 50,
  "best_length": 365,
  "best_reward": 340.69999999999885,
  "timestamp": "20251222_112938",
  "n_steps": 64,
  "total_updates": 179
}